song_id,title,artist,genre,prompt
1,Ichill,Kakurenbo,Electronic,"Album art evoking dim, low-lit tones, a steady, grounded intensity, a warm, major-key brightness, a steady, walking pace, hints of background music, diffuse, atmospheric texture. Abstract, textural album art. No faces, no text, no literal band-photo imagery."
2,Feels Good 2 B,Jason Shaw,Electronic,"Album art evoking balanced, natural tones, a steady, grounded intensity, an open, uplifted mood, drifting, spacious motion. Abstract, textural album art. No faces, no text, no literal band-photo imagery."
3,Spirtus...,Project 5am (Feat. DJ Whodini),Electronic,"Album art evoking dim, low-lit tones, soft-edged and understated, a shadowed emotional cast, a slow, unhurried pace, a rapped vocal drive, beat-driven, rhythmic drive. Abstract, textural album art. No faces, no text, no literal band-photo imagery."
4,PMoos - Champagne Dreamz (Shatterfreak's 0% Alcohol Remix),Shatterfreak,Electronic,"Album art evoking dim, low-lit tones, a hushed, delicate presence, a somber, minor-key undertone, measured, even movement, diffuse, atmospheric texture, electronic, machine-made texture. Abstract, textural album art. No faces, no text, no literal band-photo imagery."
5,Sunshine,Fancy Mike,Electronic,"Album art evoking neither bright nor dark, measured and even in force, a shadowed emotional cast, drifting, spacious motion, hints of angry music, hints of drum and bass. Abstract, textural album art. No faces, no text, no literal band-photo imagery."
6,Back to a Simpler Time,Gilo,Electronic,"Album art evoking neither bright nor dark, a steady, grounded intensity, a wistful, introspective mood, measured, even movement, electronic, machine-made texture. Abstract, textural album art. No faces, no text, no literal band-photo imagery."
7,Poison,Quaro,Electronic,"Album art evoking an even, neutral palette, forceful and dense, a wistful, introspective mood, languid, floating movement, hints of drum and bass, electronic, machine-made texture. Abstract, textural album art. No faces, no text, no literal band-photo imagery."
8,Nothing Else Matters,Mystery Mammal,Electronic,"Album art evoking balanced, natural tones, a hushed, delicate presence, a wistful, introspective mood, a steady, walking pace, hints of trance music, electronic, machine-made texture. Abstract, textural album art. No faces, no text, no literal band-photo imagery."
9,HARAKIRI NATION,Blasterhead,Electronic,"Album art evoking crisp and shimmering light, measured and even in force, a wistful, introspective mood, a steady, walking pace, electronic, machine-made texture, hints of drum machine. Abstract, textural album art. No faces, no text, no literal band-photo imagery."
10,Searching,Eric Skiff,Electronic,"Album art evoking neither bright nor dark, quiet and restrained, a wistful, introspective mood, drifting, spacious motion, hints of video game music, hints of cacophony. Abstract, textural album art. No faces, no text, no literal band-photo imagery."
11,One And,Broke For Free,Electronic,"Album art evoking muted and murky hues, measured and even in force, a warm, major-key brightness, languid, floating movement, hints of sampler. Abstract, textural album art. No faces, no text, no literal band-photo imagery."
12,OST 12 Wherever Aliens!!!,sawsquarenoise,Electronic,"Album art evoking an even, neutral palette, measured and even in force, a shadowed emotional cast, languid, floating movement, hints of video game music, hints of soundtrack music. Abstract, textural album art. No faces, no text, no literal band-photo imagery."
13,Another Boring Lunchtime (edit),Psychadelik Pedestrian,Electronic,"Album art evoking an even, neutral palette, measured and even in force, an optimistic emotional cast, languid, floating movement, electronic, machine-made texture, hints of dubstep. Abstract, textural album art. No faces, no text, no literal band-photo imagery."
14,Her breath,arizono kazuhiro,Electronic,"Album art evoking balanced, natural tones, a steady, grounded intensity, a wistful, introspective mood, languid, floating movement, synthetic production, hints of electronica. Abstract, textural album art. No faces, no text, no literal band-photo imagery."
15,Here and Now,Trip.Logic,Electronic,"Album art evoking sharp, glinting highlights, quiet and restrained, a shadowed emotional cast, a steady, walking pace, hints of singing, electronic, machine-made texture. Abstract, textural album art. No faces, no text, no literal band-photo imagery."
16,Weeklybeats 2014 #1 - KORG M01D Jam,RoccoW,Electronic,"Album art evoking an even, neutral palette, a hushed, delicate presence, a warm, major-key brightness, drifting, spacious motion, hints of video game music, hints of soundtrack music. Abstract, textural album art. No faces, no text, no literal band-photo imagery."
17,NTD11,Skip,Electronic,"Album art evoking neither bright nor dark, measured and even in force, a wistful, introspective mood, measured, even movement, hints of video game music, hints of cacophony. Abstract, textural album art. No faces, no text, no literal band-photo imagery."
18,Easy,SPCZ,Electronic,"Album art evoking balanced, natural tones, a steady, grounded intensity, a shadowed emotional cast, measured, even movement, hints of drum and bass, synthetic production. Abstract, textural album art. No faces, no text, no literal band-photo imagery."
19,Evening Drum,Nihilore,Electronic,"Album art evoking neither bright nor dark, quiet and restrained, a shadowed emotional cast, a steady, walking pace, hints of electric piano, resonant piano tones. Abstract, textural album art. No faces, no text, no literal band-photo imagery."
20,The Cemetery,Sinqlogue,Electronic,"Album art evoking dim, low-lit tones, measured and even in force, a shadowed emotional cast, languid, floating movement, hints of scary music, a wide, ambient wash. Abstract, textural album art. No faces, no text, no literal band-photo imagery."
21,Golden,Little Glass Men,Electronic,"Album art evoking dim, low-lit tones, measured and even in force, an optimistic emotional cast, measured, even movement, string-driven texture, fine, articulated string texture. Abstract, textural album art. No faces, no text, no literal band-photo imagery."
22,ruby cactus,"I, Cactus",Electronic,"Album art evoking balanced, natural tones, quiet and restrained, an open, uplifted mood, languid, floating movement, synthetic production, hints of video game music. Abstract, textural album art. No faces, no text, no literal band-photo imagery."
23,Herbie,Podington Bear,Electronic,"Album art evoking a dark, brooding palette, a steady, grounded intensity, an open, uplifted mood, measured, even movement, cold synthesizer tones, hints of drum machine. Abstract, textural album art. No faces, no text, no literal band-photo imagery."
24,We Did It! (Fulfillment Tune),D SMILEZ,Electronic,"Album art evoking crisp and shimmering light, soft-edged and understated, an open, uplifted mood, a steady, walking pace, hints of afrobeat, hints of music of africa. Abstract, textural album art. No faces, no text, no literal band-photo imagery."
25,Este som - parte2,Gilo,Electronic,"Album art evoking an even, neutral palette, quiet and restrained, an open, uplifted mood, measured, even movement, hints of background music, hints of soundtrack music. Abstract, textural album art. No faces, no text, no literal band-photo imagery."
26,Rörelse av Ljus,Bisamråtta,Experimental,"Album art evoking dim, low-lit tones, soft-edged and understated, an open, uplifted mood, measured, even movement, the grain of a real guitar, hints of effects unit. Abstract, textural album art. No faces, no text, no literal band-photo imagery."
27,boys boys boys,Sabrina,Experimental,"Album art evoking neither bright nor dark, measured and even in force, a shadowed emotional cast, measured, even movement, hints of singing, hints of rock and roll. Abstract, textural album art. No faces, no text, no literal band-photo imagery."
28,"In Ages Past, The Myths And Legends Happened A Long Time Ago",Noggin,Experimental,"Album art evoking shrouded in shadow, a steady, grounded intensity, a shadowed emotional cast, languid, floating movement, hints of rock music, the grain of a real guitar. Abstract, textural album art. No faces, no text, no literal band-photo imagery."
29,Thank You Beyoncé,Leslie Keffer,Experimental,"Album art evoking radiant and luminous, a hushed, delicate presence, a shadowed emotional cast, languid, floating movement, hints of pump (liquid), hints of white noise. Abstract, textural album art. No faces, no text, no literal band-photo imagery."
30,Schreien,Joerg Piringer,Experimental,"Album art evoking neither bright nor dark, measured and even in force, a shadowed emotional cast, a steady, walking pace, hints of cacophony, hints of radio. Abstract, textural album art. No faces, no text, no literal band-photo imagery."
31,Soft Beast,Teeth Mountain,Experimental,"Album art evoking balanced, natural tones, a hushed, delicate presence, an open, uplifted mood, measured, even movement, hints of organ, plucked string detail. Abstract, textural album art. No faces, no text, no literal band-photo imagery."
32,resurrect dead on planet jupiter,Lucky Dragons,Experimental,"Album art evoking radiant and luminous, quiet and restrained, a somber, minor-key undertone, measured, even movement, hints of lullaby, electronic, machine-made texture. Abstract, textural album art. No faces, no text, no literal band-photo imagery."
33,Fear in the Dust Bowl,The Fucked Up Beat,Experimental,"Album art evoking dim, low-lit tones, soft-edged and understated, a somber, minor-key undertone, measured, even movement, hints of rain, hints of rain on surface. Abstract, textural album art. No faces, no text, no literal band-photo imagery."
34,Hip Bee,Rene Kita,Experimental,"Album art evoking a dark, brooding palette, a steady, grounded intensity, an open, uplifted mood, a steady, walking pace, hints of beatboxing, hints of vocal music. Abstract, textural album art. No faces, no text, no literal band-photo imagery."
35,no title,Molestia Auricularum,Experimental,"Album art evoking neither bright nor dark, a hushed, delicate presence, a somber, minor-key undertone, languid, floating movement, hints of static, hints of white noise. Abstract, textural album art. No faces, no text, no literal band-photo imagery."
36,party,File Under Toner,Experimental,"Album art evoking a dark, brooding palette, quiet and restrained, an open, uplifted mood, measured, even movement, hints of fireworks, hints of hum. Abstract, textural album art. No faces, no text, no literal band-photo imagery."
37,"Press, Stir Up and Stretch With a Dotted Line",HighWay17,Experimental,"Album art evoking neither bright nor dark, soft-edged and understated, an open, uplifted mood, a steady, walking pace, cold synthesizer tones, synthetic production. Abstract, textural album art. No faces, no text, no literal band-photo imagery."
38,France-excerpt,FRANCE,Experimental,"Album art evoking neither bright nor dark, measured and even in force, a warm, major-key brightness, a steady, walking pace, hints of cacophony, hints of didgeridoo. Abstract, textural album art. No faces, no text, no literal band-photo imagery."
39,Matter008,Nate Scheible,Experimental,"Album art evoking dim, low-lit tones, measured and even in force, a wistful, introspective mood, a steady, walking pace, a wide, ambient wash, hints of organ. Abstract, textural album art. No faces, no text, no literal band-photo imagery."
40,flekkefjord,Blear Moon,Experimental,"Album art evoking muted and murky hues, soft-edged and understated, an optimistic emotional cast, a steady, walking pace, resonant piano tones. Abstract, textural album art. No faces, no text, no literal band-photo imagery."
41,Western Fixings,Semyon,Experimental,"Album art evoking crisp and shimmering light, a hushed, delicate presence, an open, uplifted mood, a slow, unhurried pace, synthetic production, hints of techno. Abstract, textural album art. No faces, no text, no literal band-photo imagery."
42,An Egg In The Piano Lost In The Box Of Nails,Zreen Toyz,Experimental,"Album art evoking neither bright nor dark, quiet and restrained, a somber, minor-key undertone, measured, even movement, hints of vehicle, hints of car. Abstract, textural album art. No faces, no text, no literal band-photo imagery."
43,Toy Guitar 6 (Exotica),Lezet,Experimental,"Album art evoking balanced, natural tones, a hushed, delicate presence, a shadowed emotional cast, a steady, walking pace, hints of ukulele, hints of pizzicato. Abstract, textural album art. No faces, no text, no literal band-photo imagery."
44,Ignoble Cleft (First Visit),Base Cleft,Experimental,"Album art evoking muted and murky hues, soft-edged and understated, an optimistic emotional cast, a steady, walking pace, hints of sonar, hints of rumble. Abstract, textural album art. No faces, no text, no literal band-photo imagery."
45,Spacespagetti (stoleyourburgermix),Paza Rahm,Experimental,"Album art evoking an even, neutral palette, a hushed, delicate presence, a wistful, introspective mood, drifting, spacious motion, electronic, machine-made texture, hints of dubstep. Abstract, textural album art. No faces, no text, no literal band-photo imagery."
46,I love you (B-side),L.D.I.,Experimental,"Album art evoking shrouded in shadow, a hushed, delicate presence, an open, uplifted mood, languid, floating movement, hints of cacophony, synthetic, electronic texture. Abstract, textural album art. No faces, no text, no literal band-photo imagery."
47,Good Night/ Sleep,Electric Mirrors,Experimental,"Album art evoking a dark, brooding palette, quiet and restrained, a wistful, introspective mood, languid, floating movement, diffuse, atmospheric texture, a deep gong resonance. Abstract, textural album art. No faces, no text, no literal band-photo imagery."
48,Inner Mental Cage (Bitmap Remix),Controlled Insanity,Experimental,"Album art evoking a dark, brooding palette, quiet and restrained, a shadowed emotional cast, measured, even movement, hints of aircraft engine, hints of fixed-wing aircraft, airplane. Abstract, textural album art. No faces, no text, no literal band-photo imagery."
49,three lullabies 1,Eva-Maria Houben,Experimental,"Album art evoking shrouded in shadow, a hushed, delicate presence, a wistful, introspective mood, a slow, unhurried pace, the ring of struck piano strings, hints of keyboard (musical). Abstract, textural album art. No faces, no text, no literal band-photo imagery."
50,Worm Fortress,Ersatz,Experimental,"Album art evoking muted and murky hues, measured and even in force, a warm, major-key brightness, languid, floating movement, the grain of a real guitar, low-register string weight. Abstract, textural album art. No faces, no text, no literal band-photo imagery."
51,Phantasmagoric Sheeps Of The World,Julia K. Mars,Folk,"Album art evoking balanced, natural tones, bold, saturated energy, an optimistic emotional cast, a steady, walking pace, hints of rock and roll, hints of rock music. Abstract, textural album art. No faces, no text, no literal band-photo imagery."
52,Sunny Sea Walk,Jan Grünfeld,Folk,"Album art evoking an even, neutral palette, quiet and restrained, an optimistic emotional cast, languid, floating movement, string-driven texture, fine, articulated string texture. Abstract, textural album art. No faces, no text, no literal band-photo imagery."
53,"This is Record, OK?",Big Blood,Folk,"Album art evoking neither bright nor dark, quiet and restrained, a wistful, introspective mood, languid, floating movement, hints of mantra, hints of vehicle. Abstract, textural album art. No faces, no text, no literal band-photo imagery."
54,Psaltery Piece,Howie Mitchell,Folk,"Album art evoking dim, low-lit tones, a hushed, delicate presence, a shadowed emotional cast, drifting, spacious motion, hints of keyboard (musical), the ring of struck piano strings. Abstract, textural album art. No faces, no text, no literal band-photo imagery."
55,19. Male Fantasy,Jonah Rapino,Folk,"Album art evoking shrouded in shadow, quiet and restrained, a somber, minor-key undertone, measured, even movement, hints of mandolin, hints of ukulele. Abstract, textural album art. No faces, no text, no literal band-photo imagery."
56,Hold Fast,Zachary Cale,Folk,"Album art evoking shrouded in shadow, a hushed, delicate presence, a shadowed emotional cast, measured, even movement, string-driven texture, plucked string detail. Abstract, textural album art. No faces, no text, no literal band-photo imagery."
57,"Hey, Marie.",Zach Fleury,Folk,"Album art evoking shrouded in shadow, measured and even in force, an optimistic emotional cast, languid, floating movement, hints of happy music, hints of singing. Abstract, textural album art. No faces, no text, no literal band-photo imagery."
58,Graceless Lady,Big Blood,Folk,"Album art evoking dim, low-lit tones, a steady, grounded intensity, an optimistic emotional cast, languid, floating movement, hints of singing, hints of christian music. Abstract, textural album art. No faces, no text, no literal band-photo imagery."
59,John Henry,Foghorn Stringband,Folk,"Album art evoking balanced, natural tones, a steady, grounded intensity, an optimistic emotional cast, measured, even movement, hints of bluegrass, a rootsy, twanging character. Abstract, textural album art. No faces, no text, no literal band-photo imagery."
60,l arrivee,Titan,Folk,"Album art evoking a dark, brooding palette, measured and even in force, a shadowed emotional cast, a slow, unhurried pace, hints of siren, hints of police car (siren). Abstract, textural album art. No faces, no text, no literal band-photo imagery."
61,Night Without Sleep,David Mumford,Folk,"Album art evoking muted and murky hues, quiet and restrained, a shadowed emotional cast, a slow, unhurried pace, rural, string-driven warmth, hints of independent music. Abstract, textural album art. No faces, no text, no literal band-photo imagery."
62,Life on Earth,Mary Caroline,Folk,"Album art evoking dim, low-lit tones, quiet and restrained, an open, uplifted mood, measured, even movement, rural, string-driven warmth, hints of christmas music. Abstract, textural album art. No faces, no text, no literal band-photo imagery."
63,Week One,Ben von Wildenhaus,Folk,"Album art evoking muted and murky hues, a hushed, delicate presence, a wistful, introspective mood, measured, even movement, string-driven texture, hints of effects unit. Abstract, textural album art. No faces, no text, no literal band-photo imagery."
64,Methylchloroisothiazolinone (No Vocals),Josh Woodward,Folk,"Album art evoking an even, neutral palette, a steady, grounded intensity, a shadowed emotional cast, measured, even movement, hints of grunge, hints of progressive rock. Abstract, textural album art. No faces, no text, no literal band-photo imagery."
65,Dust Devils,Michael Chapman,Folk,"Album art evoking muted and murky hues, measured and even in force, a wistful, introspective mood, a steady, walking pace, string-driven texture, fine, articulated string texture. Abstract, textural album art. No faces, no text, no literal band-photo imagery."
66,I Don't Care,Mary Lorson,Folk,"Album art evoking balanced, natural tones, a hushed, delicate presence, a warm, major-key brightness, a steady, walking pace, string-driven texture, hints of singing. Abstract, textural album art. No faces, no text, no literal band-photo imagery."
67,Good Old Colony Days,Three Jolly Rogues,Folk,"Album art evoking shrouded in shadow, quiet and restrained, a warm, major-key brightness, drifting, spacious motion, hints of whistling, hints of flute. Abstract, textural album art. No faces, no text, no literal band-photo imagery."
68,Steamengeene,My Bubba & Mi,Folk,"Album art evoking muted and murky hues, soft-edged and understated, an optimistic emotional cast, a steady, walking pace, the grain of a real guitar, hints of ukulele. Abstract, textural album art. No faces, no text, no literal band-photo imagery."
69,una vez mas,Onda bidón,Folk,"Album art evoking neither bright nor dark, a steady, grounded intensity, a somber, minor-key undertone, a steady, walking pace, hints of jingle, tinkle, hints of jingle bell. Abstract, textural album art. No faces, no text, no literal band-photo imagery."
70,Source and the Sound,Laura Stevenson and the Cans,Folk,"Album art evoking balanced, natural tones, measured and even in force, an optimistic emotional cast, drifting, spacious motion, hints of singing, hints of female singing. Abstract, textural album art. No faces, no text, no literal band-photo imagery."
71,River,Mary Lorson,Folk,"Album art evoking a dark, brooding palette, soft-edged and understated, an optimistic emotional cast, a steady, walking pace, string-driven texture, plucked string detail. Abstract, textural album art. No faces, no text, no literal band-photo imagery."
72,'Preese 'Preese,Big Blood,Folk,"Album art evoking shrouded in shadow, a steady, grounded intensity, a warm, major-key brightness, languid, floating movement, hints of singing, hints of psychedelic rock. Abstract, textural album art. No faces, no text, no literal band-photo imagery."
73,Catalini,Ava Zandieh,Folk,"Album art evoking a dark, brooding palette, quiet and restrained, a shadowed emotional cast, drifting, spacious motion, hints of music for children, hints of singing. Abstract, textural album art. No faces, no text, no literal band-photo imagery."
74,Autumn Flow,Lior,Folk,"Album art evoking shrouded in shadow, a hushed, delicate presence, an open, uplifted mood, drifting, spacious motion, warm, wooden acoustic tone, the grain of a real guitar. Abstract, textural album art. No faces, no text, no literal band-photo imagery."
75,Huna Cosm,MV + EE,Folk,"Album art evoking muted and murky hues, soft-edged and understated, a wistful, introspective mood, urgent, driving motion, the grain of a real guitar, hints of effects unit. Abstract, textural album art. No faces, no text, no literal band-photo imagery."
76,Takeover,Kellee Maize,Hip-Hop,"Album art evoking a bright, sunlit palette, measured and even in force, a warm, major-key brightness, a steady, walking pace, a rapped vocal drive, a hip-hop groove. Abstract, textural album art. No faces, no text, no literal band-photo imagery."
77,Sleep.,Black Ant,Hip-Hop,"Album art evoking a dark, brooding palette, a powerful, driving intensity, a somber, minor-key undertone, a steady, walking pace, electronic, machine-made texture, percussive textures. Abstract, textural album art. No faces, no text, no literal band-photo imagery."
78,Pulso (Por Stray),Pulso,Hip-Hop,"Album art evoking balanced, natural tones, a steady, grounded intensity, a wistful, introspective mood, languid, floating movement, hints of lullaby. Abstract, textural album art. No faces, no text, no literal band-photo imagery."
79,3 Rocks Blessed,Dälek,Hip-Hop,"Album art evoking balanced, natural tones, a hushed, delicate presence, a wistful, introspective mood, a steady, walking pace, rhythmic, spoken cadence, a hip-hop groove. Abstract, textural album art. No faces, no text, no literal band-photo imagery."
80,AM Set Instrumental     {Both Nice},6th Sense,Hip-Hop,"Album art evoking an even, neutral palette, a hushed, delicate presence, a shadowed emotional cast, languid, floating movement, synthetic production, hints of drum and bass. Abstract, textural album art. No faces, no text, no literal band-photo imagery."
81,Bloc Party (Instrumental),Cheese N Pot-C,Hip-Hop,"Album art evoking crisp and shimmering light, a hushed, delicate presence, a shadowed emotional cast, languid, floating movement, synthetic production, hints of dubstep. Abstract, textural album art. No faces, no text, no literal band-photo imagery."
82,WitchCraft,BoyHoodBuchi,Hip-Hop,"Album art evoking balanced, natural tones, a powerful, driving intensity, an optimistic emotional cast, measured, even movement, hints of mantra, hints of chant. Abstract, textural album art. No faces, no text, no literal band-photo imagery."
83,Clock,Sun Sunych,Hip-Hop,"Album art evoking an even, neutral palette, measured and even in force, an open, uplifted mood, a steady, walking pace, a rapped vocal drive, a hip-hop groove. Abstract, textural album art. No faces, no text, no literal band-photo imagery."
84,Head Cold,Tha Silent Partner,Hip-Hop,"Album art evoking a dark, brooding palette, forceful and dense, a wistful, introspective mood, a steady, walking pace. Abstract, textural album art. No faces, no text, no literal band-photo imagery."
85,"Lights, it was you and I",SK,Hip-Hop,"Album art evoking balanced, natural tones, soft-edged and understated, an optimistic emotional cast, a steady, walking pace, beat-driven, rhythmic drive, rhythmic, spoken cadence. Abstract, textural album art. No faces, no text, no literal band-photo imagery."
86,Mama Said Knock You L33T,The Hate Noise,Hip-Hop,"Album art evoking balanced, natural tones, bold, saturated energy, a warm, major-key brightness, a steady, walking pace, hints of reggae, hints of didgeridoo. Abstract, textural album art. No faces, no text, no literal band-photo imagery."
87,Domino's,Alaclair Ensemble,Hip-Hop,"Album art evoking balanced, natural tones, bold, saturated energy, a somber, minor-key undertone, languid, floating movement, rhythmic, spoken cadence, beat-driven, rhythmic drive. Abstract, textural album art. No faces, no text, no literal band-photo imagery."
88,Let Me Spell You This (016 Tess Dis Champion Mixx),The Impossebulls,Hip-Hop,"Album art evoking an even, neutral palette, a steady, grounded intensity, a warm, major-key brightness, a slow, unhurried pace, rhythmic, spoken cadence, a hip-hop groove. Abstract, textural album art. No faces, no text, no literal band-photo imagery."
89,raiz latina,Chicken Jones,Hip-Hop,"Album art evoking balanced, natural tones, measured and even in force, a somber, minor-key undertone, drifting, spacious motion, hints of funk, hints of soul music. Abstract, textural album art. No faces, no text, no literal band-photo imagery."
90,Ate Ten Instrumental     {Both Nice},6th Sense,Hip-Hop,"Album art evoking sharp, glinting highlights, soft-edged and understated, an open, uplifted mood, drifting, spacious motion, string-driven texture, fine, articulated string texture. Abstract, textural album art. No faces, no text, no literal band-photo imagery."
91,Press Rewind featuring Kyle Jason,C-Doc,Hip-Hop,"Album art evoking balanced, natural tones, a steady, grounded intensity, a shadowed emotional cast, languid, floating movement, hints of rhythm and blues, hints of soul music. Abstract, textural album art. No faces, no text, no literal band-photo imagery."
92,God's Radio Hell,The Impossebulls,Hip-Hop,"Album art evoking an even, neutral palette, measured and even in force, a shadowed emotional cast, a slow, unhurried pace, a rapped vocal drive, a hip-hop groove. Abstract, textural album art. No faces, no text, no literal band-photo imagery."
93,Stronger Living Feat Wordsmith,CuzOH! Black Feat. Wordsmith,Hip-Hop,"Album art evoking an even, neutral palette, measured and even in force, a somber, minor-key undertone, a slow, unhurried pace, beat-driven, rhythmic drive, rhythmic, spoken cadence. Abstract, textural album art. No faces, no text, no literal band-photo imagery."
94,sollerod fascists,Coin Locker Kid,Hip-Hop,"Album art evoking neither bright nor dark, forceful and dense, an open, uplifted mood, measured, even movement, hints of angry music. Abstract, textural album art. No faces, no text, no literal band-photo imagery."
95,GoodLookN,Tha Silent Partner,Hip-Hop,"Album art evoking neither bright nor dark, a steady, grounded intensity, a wistful, introspective mood, a steady, walking pace. Abstract, textural album art. No faces, no text, no literal band-photo imagery."
96,Vintage (Party Rock Instrumental),C-Doc,Hip-Hop,"Album art evoking an even, neutral palette, measured and even in force, a shadowed emotional cast, drifting, spacious motion, hints of funk, percussive textures. Abstract, textural album art. No faces, no text, no literal band-photo imagery."
97,Everpresent Future,Super Galactic Expansive,Hip-Hop,"Album art evoking balanced, natural tones, measured and even in force, a warm, major-key brightness, a slow, unhurried pace, rhythmic, spoken cadence, a hip-hop groove. Abstract, textural album art. No faces, no text, no literal band-photo imagery."
98,Motivation,Lushlife,Hip-Hop,"Album art evoking an even, neutral palette, soft-edged and understated, an open, uplifted mood, drifting, spacious motion, hints of bird, hints of outside, rural or natural. Abstract, textural album art. No faces, no text, no literal band-photo imagery."
99,Just a Feelin',Majik Most,Hip-Hop,"Album art evoking crisp and shimmering light, a hushed, delicate presence, a somber, minor-key undertone, languid, floating movement, a hip-hop groove, rhythmic, spoken cadence. Abstract, textural album art. No faces, no text, no literal band-photo imagery."
100,Escape Tune,Height With Friends,Hip-Hop,"Album art evoking balanced, natural tones, a hushed, delicate presence, a wistful, introspective mood, a steady, walking pace, hints of punk rock, hints of rock and roll. Abstract, textural album art. No faces, no text, no literal band-photo imagery."
101,Demalion - Copper Halls,Blue Dot Sessions,Instrumental,"Album art evoking dim, low-lit tones, soft-edged and understated, a warm, major-key brightness, drifting, spacious motion, resonant piano tones, hints of keyboard (musical). Abstract, textural album art. No faces, no text, no literal band-photo imagery."
102,Dream Sequence With Percussion,Ryan Cullinane,Instrumental,"Album art evoking dim, low-lit tones, soft-edged and understated, a shadowed emotional cast, measured, even movement, a wide, ambient wash, electronic, machine-made texture. Abstract, textural album art. No faces, no text, no literal band-photo imagery."
103,"Remember (We Are Divine, We Are Immortal)",Ars Sonor,Instrumental,"Album art evoking muted and murky hues, soft-edged and understated, a shadowed emotional cast, a steady, walking pace, hints of scary music, a wide, ambient wash. Abstract, textural album art. No faces, no text, no literal band-photo imagery."
104,Rain 2,Vägskäl,Instrumental,"Album art evoking shrouded in shadow, quiet and restrained, a shadowed emotional cast, a slow, unhurried pace, hints of throbbing, hints of hum. Abstract, textural album art. No faces, no text, no literal band-photo imagery."
105,This is based upon a true story,Plusplus,Instrumental,"Album art evoking a dark, brooding palette, soft-edged and understated, an open, uplifted mood, a steady, walking pace, string-driven texture, fine, articulated string texture. Abstract, textural album art. No faces, no text, no literal band-photo imagery."
106,To Absent Friends,Squire Tuck,Instrumental,"Album art evoking muted and murky hues, a steady, grounded intensity, an optimistic emotional cast, languid, floating movement, string-driven texture, plucked string detail. Abstract, textural album art. No faces, no text, no literal band-photo imagery."
107,Alarm,Jahzzar,Instrumental,"Album art evoking balanced, natural tones, measured and even in force, a warm, major-key brightness, measured, even movement, hints of progressive rock, hints of heavy metal. Abstract, textural album art. No faces, no text, no literal band-photo imagery."
108,Hots For Brooklyn Instrumental,Ryan Cullinane,Instrumental,"Album art evoking balanced, natural tones, a steady, grounded intensity, a shadowed emotional cast, drifting, spacious motion, hints of electronica, hints of drum machine. Abstract, textural album art. No faces, no text, no literal band-photo imagery."
109,Circles of Black and Red,Kevin Hartnell,Instrumental,"Album art evoking an even, neutral palette, quiet and restrained, a warm, major-key brightness, measured, even movement, hints of video game music, hints of funk. Abstract, textural album art. No faces, no text, no literal band-photo imagery."
110,Little Peace at Christmas,Squire Tuck,Instrumental,"Album art evoking muted and murky hues, soft-edged and understated, an open, uplifted mood, measured, even movement, string-driven texture, fine, articulated string texture. Abstract, textural album art. No faces, no text, no literal band-photo imagery."
111,Prelude 1,Rod Hamilton,Instrumental,"Album art evoking dim, low-lit tones, a hushed, delicate presence, a warm, major-key brightness, a steady, walking pace, hints of marimba, xylophone, hints of tubular bells. Abstract, textural album art. No faces, no text, no literal band-photo imagery."
112,Autumn Fields,Lee Rosevere,Instrumental,"Album art evoking muted and murky hues, soft-edged and understated, an optimistic emotional cast, languid, floating movement, the ring of struck piano strings, hints of keyboard (musical). Abstract, textural album art. No faces, no text, no literal band-photo imagery."
113,Running From An Evil Force,Mystified,Instrumental,"Album art evoking balanced, natural tones, soft-edged and understated, a shadowed emotional cast, drifting, spacious motion, hints of throbbing, hints of hum. Abstract, textural album art. No faces, no text, no literal band-photo imagery."
114,The Frequency Shift,Ars Sonor,Instrumental,"Album art evoking dim, low-lit tones, soft-edged and understated, an open, uplifted mood, drifting, spacious motion, soft, atmospheric layers, hints of scary music. Abstract, textural album art. No faces, no text, no literal band-photo imagery."
115,Jeemo,Janneh,Instrumental,"Album art evoking an even, neutral palette, quiet and restrained, a somber, minor-key undertone, a steady, walking pace, hints of rub, hints of toothbrush. Abstract, textural album art. No faces, no text, no literal band-photo imagery."
116,Leap Second,Doctor Turtle,Instrumental,"Album art evoking a dark, brooding palette, quiet and restrained, an optimistic emotional cast, a steady, walking pace, the grain of a real guitar, unamplified string warmth. Abstract, textural album art. No faces, no text, no literal band-photo imagery."
117,First Step Inside,David Szesztay,Instrumental,"Album art evoking dim, low-lit tones, quiet and restrained, a somber, minor-key undertone, a slow, unhurried pace, string-driven texture, hints of effects unit. Abstract, textural album art. No faces, no text, no literal band-photo imagery."
118,That Old Harpoon,Gillicuddy,Instrumental,"Album art evoking dim, low-lit tones, a hushed, delicate presence, an open, uplifted mood, languid, floating movement, string-driven texture, unamplified string warmth. Abstract, textural album art. No faces, no text, no literal band-photo imagery."
119,Saying Goodbye In The Rain (piano),Jelsonic,Instrumental,"Album art evoking a dark, brooding palette, quiet and restrained, an optimistic emotional cast, languid, floating movement, the ring of struck piano strings, hints of electric piano. Abstract, textural album art. No faces, no text, no literal band-photo imagery."
120,Step One,Fatal Injection,Instrumental,"Album art evoking neither bright nor dark, a steady, grounded intensity, an open, uplifted mood, measured, even movement, the grain of a real guitar, fine, articulated string texture. Abstract, textural album art. No faces, no text, no literal band-photo imagery."
121,The Dragon,Albert Glasser,Instrumental,"Album art evoking shrouded in shadow, quiet and restrained, a shadowed emotional cast, measured, even movement, hints of theremin, hints of double bass. Abstract, textural album art. No faces, no text, no literal band-photo imagery."
122,Alien Mayor Theme,Mystified,Instrumental,"Album art evoking neither bright nor dark, quiet and restrained, an optimistic emotional cast, measured, even movement, electronic, machine-made texture, hints of didgeridoo. Abstract, textural album art. No faces, no text, no literal band-photo imagery."
123,Hope,Joao Picoito,Instrumental,"Album art evoking balanced, natural tones, measured and even in force, an open, uplifted mood, measured, even movement, hints of progressive rock, hints of rock music. Abstract, textural album art. No faces, no text, no literal band-photo imagery."
124,Yes She Can,Marcos H. Bolanos,Instrumental,"Album art evoking a dark, brooding palette, soft-edged and understated, an open, uplifted mood, a steady, walking pace, resonant piano tones, hints of electric piano. Abstract, textural album art. No faces, no text, no literal band-photo imagery."
125,Unfinished Business,Squire Tuck,Instrumental,"Album art evoking dim, low-lit tones, a steady, grounded intensity, a shadowed emotional cast, measured, even movement, plucked string detail, string-driven texture. Abstract, textural album art. No faces, no text, no literal band-photo imagery."
126,Emina,Gogofski,International,"Album art evoking neither bright nor dark, quiet and restrained, a shadowed emotional cast, languid, floating movement, hints of accordion, hints of singing. Abstract, textural album art. No faces, no text, no literal band-photo imagery."
127,Snosti ti Dojdov,Niva,International,"Album art evoking balanced, natural tones, a steady, grounded intensity, an open, uplifted mood, a slow, unhurried pace, hints of folk music, hints of singing. Abstract, textural album art. No faces, no text, no literal band-photo imagery."
128,-Misket,"Turku, Nomads of the Silk Road",International,"Album art evoking balanced, natural tones, a hushed, delicate presence, a shadowed emotional cast, measured, even movement, hints of folk music, hints of traditional music. Abstract, textural album art. No faces, no text, no literal band-photo imagery."
129,Mairi's Wedding,Sláinte,International,"Album art evoking neither bright nor dark, soft-edged and understated, a warm, major-key brightness, a steady, walking pace, hints of bluegrass, hints of violin, fiddle. Abstract, textural album art. No faces, no text, no literal band-photo imagery."
130,"Restaurant Concert, Song 1",Demiran Ćerimović and His Orkestar,International,"Album art evoking neither bright nor dark, a hushed, delicate presence, a warm, major-key brightness, measured, even movement, hints of trombone, the shine of brass. Abstract, textural album art. No faces, no text, no literal band-photo imagery."
131,7th Sea Dub in Twilight,Ras Amerlock meets Professor Balthazar,International,"Album art evoking a dark, brooding palette, measured and even in force, an optimistic emotional cast, a steady, walking pace, hints of effects unit, string-driven texture. Abstract, textural album art. No faces, no text, no literal band-photo imagery."
132,Au royaume de la money,Unity Vibration,International,"Album art evoking crisp and shimmering light, a steady, grounded intensity, a wistful, introspective mood, a slow, unhurried pace, hints of reggae, hints of music of africa. Abstract, textural album art. No faces, no text, no literal band-photo imagery."
133,Dospatsko,The Rosen Sisters,International,"Album art evoking an even, neutral palette, measured and even in force, a warm, major-key brightness, drifting, spacious motion, fine, articulated string texture, the grain of a real guitar. Abstract, textural album art. No faces, no text, no literal band-photo imagery."
134,Paris Ballade,Dana Boulé,International,"Album art evoking muted and murky hues, soft-edged and understated, an open, uplifted mood, a steady, walking pace, hints of accordion, hints of video game music. Abstract, textural album art. No faces, no text, no literal band-photo imagery."
135,Prodzo Selo,Zlatne Uste Balkan Brass Band,International,"Album art evoking a dark, brooding palette, measured and even in force, a wistful, introspective mood, drifting, spacious motion, bright, blaring brass, hints of trombone. Abstract, textural album art. No faces, no text, no literal band-photo imagery."
136,Piece de Tarita,Eastern Watershed Klezmer Quartet,International,"Album art evoking neither bright nor dark, a hushed, delicate presence, an optimistic emotional cast, a steady, walking pace, hints of trombone, the shine of brass. Abstract, textural album art. No faces, no text, no literal band-photo imagery."
137,No lyrics,In De Nadfin,International,"Album art evoking balanced, natural tones, a steady, grounded intensity, a wistful, introspective mood, urgent, driving motion, hints of fowl, hints of turkey. Abstract, textural album art. No faces, no text, no literal band-photo imagery."
138,[interview],Zlatne Uste Balkan Brass Band,International,"Album art evoking balanced, natural tones, a hushed, delicate presence, a wistful, introspective mood, measured, even movement, hints of narration, monologue, hints of conversation. Abstract, textural album art. No faces, no text, no literal band-photo imagery."
139,Nina Olga Vodka,Polka Madre,International,"Album art evoking balanced, natural tones, soft-edged and understated, an optimistic emotional cast, measured, even movement, hints of ska, hints of swing music. Abstract, textural album art. No faces, no text, no literal band-photo imagery."
140,Different Feelings,StrangeZero,International,"Album art evoking balanced, natural tones, quiet and restrained, a wistful, introspective mood, a steady, walking pace, electronic, machine-made texture, hints of electronica. Abstract, textural album art. No faces, no text, no literal band-photo imagery."
141,Digital system,Garage firm,International,"Album art evoking neither bright nor dark, a steady, grounded intensity, a shadowed emotional cast, measured, even movement, hints of reggae, hints of drum machine. Abstract, textural album art. No faces, no text, no literal band-photo imagery."
142,Chacha Dub,DuBoLoGy,International,"Album art evoking neither bright nor dark, measured and even in force, an open, uplifted mood, measured, even movement, synthetic production, cold synthesizer tones. Abstract, textural album art. No faces, no text, no literal band-photo imagery."
143,Ibish Aga,Black Sea Hotel,International,"Album art evoking balanced, natural tones, quiet and restrained, an open, uplifted mood, a slow, unhurried pace, hints of a capella, hints of singing. Abstract, textural album art. No faces, no text, no literal band-photo imagery."
144,Atento,La Inédita,International,"Album art evoking an even, neutral palette, a steady, grounded intensity, a warm, major-key brightness, a steady, walking pace, percussive textures, kit-driven percussion. Abstract, textural album art. No faces, no text, no literal band-photo imagery."
145,Malka Moma,Black Sea Hotel,International,"Album art evoking an even, neutral palette, bold, saturated energy, a somber, minor-key undertone, measured, even movement, hints of a capella, hints of vocal music. Abstract, textural album art. No faces, no text, no literal band-photo imagery."
146,Tchakare Kanyembe track 03,Tchakare Kanyembe,International,"Album art evoking dim, low-lit tones, quiet and restrained, a shadowed emotional cast, drifting, spacious motion, hints of swing music, hints of ska. Abstract, textural album art. No faces, no text, no literal band-photo imagery."
147,Ne Si Jo Prodavaj Chiflikot,Gogofski,International,"Album art evoking neither bright nor dark, soft-edged and understated, a somber, minor-key undertone, measured, even movement, hints of accordion, hints of yodeling. Abstract, textural album art. No faces, no text, no literal band-photo imagery."
148,The Beast Inside,303db,International,"Album art evoking an even, neutral palette, a steady, grounded intensity, a shadowed emotional cast, measured, even movement, synthetic production, hints of drum and bass. Abstract, textural album art. No faces, no text, no literal band-photo imagery."
149,Tsymbaly Solo,Koliadnyky of Kryvorivnia,International,"Album art evoking balanced, natural tones, quiet and restrained, a warm, major-key brightness, measured, even movement, hints of zither, hints of mandolin. Abstract, textural album art. No faces, no text, no literal band-photo imagery."
150,Hüzzam Kanun Taksim,Ehl-i Keyif,International,"Album art evoking an even, neutral palette, a hushed, delicate presence, an open, uplifted mood, a steady, walking pace, hints of mandolin, hints of zither. Abstract, textural album art. No faces, no text, no literal band-photo imagery."
151,Beam Chaser,Phemale,Pop,"Album art evoking neither bright nor dark, measured and even in force, a shadowed emotional cast, languid, floating movement. Abstract, textural album art. No faces, no text, no literal band-photo imagery."
152,Spanish BEEEYYAAACHHH,Malaventura,Pop,"Album art evoking an even, neutral palette, a steady, grounded intensity, a wistful, introspective mood, a steady, walking pace, a full drum kit's presence, percussive textures. Abstract, textural album art. No faces, no text, no literal band-photo imagery."
153,Jump Rope,Gingerlys,Pop,"Album art evoking an even, neutral palette, a steady, grounded intensity, an open, uplifted mood, drifting, spacious motion, hints of psychedelic rock, hints of independent music. Abstract, textural album art. No faces, no text, no literal band-photo imagery."
154,....like bacon sundays,luc,Pop,"Album art evoking balanced, natural tones, measured and even in force, a warm, major-key brightness, a steady, walking pace, hints of flamenco, string-driven texture. Abstract, textural album art. No faces, no text, no literal band-photo imagery."
155,Back On The Train,Frozen Houses,Pop,"Album art evoking neither bright nor dark, measured and even in force, a shadowed emotional cast, measured, even movement, rural, string-driven warmth, hints of bluegrass. Abstract, textural album art. No faces, no text, no literal band-photo imagery."
156,Bad Apples,Phemale,Pop,"Album art evoking muted and murky hues, measured and even in force, an optimistic emotional cast, a steady, walking pace, hints of rock music, hints of singing. Abstract, textural album art. No faces, no text, no literal band-photo imagery."
157,wuzzah monster,Boonesboro,Pop,"Album art evoking neither bright nor dark, a hushed, delicate presence, an open, uplifted mood, a steady, walking pace, hints of singing, hints of psychedelic rock. Abstract, textural album art. No faces, no text, no literal band-photo imagery."
158,Malta,Superhumanoids,Pop,"Album art evoking neither bright nor dark, a steady, grounded intensity, an open, uplifted mood, a steady, walking pace, synthetic production, hints of techno. Abstract, textural album art. No faces, no text, no literal band-photo imagery."
159,With the Summer,"Oh Yeah, the Future",Pop,"Album art evoking an even, neutral palette, forceful and dense, an optimistic emotional cast, measured, even movement, hints of grunge, hints of rock music. Abstract, textural album art. No faces, no text, no literal band-photo imagery."
160,Whole Lot Of Louvre,Total Unicorn,Pop,"Album art evoking shrouded in shadow, bold, saturated energy, a warm, major-key brightness, drifting, spacious motion, electronic, machine-made texture, beat-driven, rhythmic drive. Abstract, textural album art. No faces, no text, no literal band-photo imagery."
161,City Lights,Skeleton Hands,Pop,"Album art evoking neither bright nor dark, quiet and restrained, an optimistic emotional cast, a steady, walking pace, hints of trance music, electronic, machine-made texture. Abstract, textural album art. No faces, no text, no literal band-photo imagery."
162,B08 Mario,Mom Jeans,Pop,"Album art evoking balanced, natural tones, a steady, grounded intensity, a shadowed emotional cast, a steady, walking pace, hints of grunge, hints of rock and roll. Abstract, textural album art. No faces, no text, no literal band-photo imagery."
163,Ambulance,Coco Morier,Pop,"Album art evoking neither bright nor dark, soft-edged and understated, a warm, major-key brightness, a steady, walking pace, hints of singing, hints of jingle bell. Abstract, textural album art. No faces, no text, no literal band-photo imagery."
164,Dites 33,Manuel Duval,Pop,"Album art evoking shrouded in shadow, measured and even in force, a warm, major-key brightness, measured, even movement, synthetic production, cold synthesizer tones. Abstract, textural album art. No faces, no text, no literal band-photo imagery."
165,nitemare,The Carnys,Pop,"Album art evoking balanced, natural tones, a steady, grounded intensity, a shadowed emotional cast, measured, even movement, hints of independent music, a full drum kit's presence. Abstract, textural album art. No faces, no text, no literal band-photo imagery."
166,Waiting Until Then,Ready for Men,Pop,"Album art evoking balanced, natural tones, measured and even in force, a wistful, introspective mood, a steady, walking pace, hints of sampler, hints of funk. Abstract, textural album art. No faces, no text, no literal band-photo imagery."
167,Destroy She Says,ZOE.LEELA,Pop,"Album art evoking balanced, natural tones, a steady, grounded intensity, a wistful, introspective mood, measured, even movement, synthetic production, hints of afrobeat. Abstract, textural album art. No faces, no text, no literal band-photo imagery."
168,Harmony To My Heartbeat,Sally Seltmann,Pop,"Album art evoking neither bright nor dark, a steady, grounded intensity, an optimistic emotional cast, measured, even movement, hints of lullaby, the ring of struck piano strings. Abstract, textural album art. No faces, no text, no literal band-photo imagery."
169,Catfishes,Poland,Pop,"Album art evoking an even, neutral palette, a steady, grounded intensity, an optimistic emotional cast, a steady, walking pace, hints of whack, thwack, hints of smash, crash. Abstract, textural album art. No faces, no text, no literal band-photo imagery."
170,Island Grows,Airships,Pop,"Album art evoking a bright, sunlit palette, measured and even in force, a warm, major-key brightness, a steady, walking pace, hints of singing, hints of vocal music. Abstract, textural album art. No faces, no text, no literal band-photo imagery."
171,B07 Ya Dumb Bitch,Mom Jeans,Pop,"Album art evoking neither bright nor dark, measured and even in force, a warm, major-key brightness, a slow, unhurried pace, hints of punk rock, hints of grunge. Abstract, textural album art. No faces, no text, no literal band-photo imagery."
172,Let's Go Dutch,Soft Serve,Pop,"Album art evoking a dark, brooding palette, quiet and restrained, a somber, minor-key undertone, measured, even movement, hints of keyboard (musical), the ring of struck piano strings. Abstract, textural album art. No faces, no text, no literal band-photo imagery."
173,Refazendo,Boogarins,Pop,"Album art evoking an even, neutral palette, measured and even in force, an optimistic emotional cast, languid, floating movement, hints of psychedelic rock, hints of rock music. Abstract, textural album art. No faces, no text, no literal band-photo imagery."
174,Alien Pops Trilogy (featuring Midas),FortyOne,Pop,"Album art evoking balanced, natural tones, a powerful, driving intensity, a somber, minor-key undertone, measured, even movement, hints of narration, monologue, hints of heart sounds, heartbeat. Abstract, textural album art. No faces, no text, no literal band-photo imagery."
175,Humus,Unthunk,Pop,"Album art evoking muted and murky hues, quiet and restrained, an open, uplifted mood, languid, floating movement, hints of wood block, hints of cowbell. Abstract, textural album art. No faces, no text, no literal band-photo imagery."
176,Gonzo,Jahzzar,Rock,"Album art evoking balanced, natural tones, a steady, grounded intensity, a somber, minor-key undertone, a slow, unhurried pace, hints of progressive rock, hints of heavy metal. Abstract, textural album art. No faces, no text, no literal band-photo imagery."
177,Beggin' Dogs,Obits,Rock,"Album art evoking dim, low-lit tones, measured and even in force, a wistful, introspective mood, languid, floating movement, hints of rock music, hints of punk rock. Abstract, textural album art. No faces, no text, no literal band-photo imagery."
178,Beautiful Day,TIGERBERRY,Rock,"Album art evoking balanced, natural tones, measured and even in force, a shadowed emotional cast, a slow, unhurried pace, hints of grunge, hints of rock music. Abstract, textural album art. No faces, no text, no literal band-photo imagery."
179,Ballada Bezbożna,Metalmorphosis,Rock,"Album art evoking sharp, glinting highlights, a steady, grounded intensity, a somber, minor-key undertone, a slow, unhurried pace, hints of heavy metal, kit-driven percussion. Abstract, textural album art. No faces, no text, no literal band-photo imagery."
180,BlackBox Red at Vondelbunker,BlackBox Red,Rock,"Album art evoking balanced, natural tones, quiet and restrained, an optimistic emotional cast, a slow, unhurried pace, hints of rock and roll, hints of rock music. Abstract, textural album art. No faces, no text, no literal band-photo imagery."
181,La nature se déchaîne,Taulard,Rock,"Album art evoking neither bright nor dark, a steady, grounded intensity, an open, uplifted mood, drifting, spacious motion, the pulse of real drums, a full drum kit's presence. Abstract, textural album art. No faces, no text, no literal band-photo imagery."
182,Slender Man,Voodoo Puppets,Rock,"Album art evoking crisp and shimmering light, measured and even in force, an open, uplifted mood, a steady, walking pace, hints of heavy metal, hints of angry music. Abstract, textural album art. No faces, no text, no literal band-photo imagery."
183,Not That Kind Of Girl,Bad Party,Rock,"Album art evoking balanced, natural tones, forceful and dense, a shadowed emotional cast, a steady, walking pace, hints of techno, hints of angry music. Abstract, textural album art. No faces, no text, no literal band-photo imagery."
184,Cold Water,Old Time Relijun,Rock,"Album art evoking an even, neutral palette, a steady, grounded intensity, an open, uplifted mood, measured, even movement, hints of psychedelic rock, hints of rock music. Abstract, textural album art. No faces, no text, no literal band-photo imagery."
185,Tokugiri Star,Peelander-Z,Rock,"Album art evoking balanced, natural tones, a steady, grounded intensity, an open, uplifted mood, measured, even movement, hints of rock music, hints of punk rock. Abstract, textural album art. No faces, no text, no literal band-photo imagery."
186,Rose of Los Angeles,Michael Gira,Rock,"Album art evoking a dark, brooding palette, soft-edged and understated, a wistful, introspective mood, measured, even movement. Abstract, textural album art. No faces, no text, no literal band-photo imagery."
187,Mr. Yawning Infinity Chasm/SuperInfinity,The Sun Through A Telescope,Rock,"Album art evoking a dark, brooding palette, measured and even in force, an optimistic emotional cast, a slow, unhurried pace, a wide, ambient wash, electronic, machine-made texture. Abstract, textural album art. No faces, no text, no literal band-photo imagery."
188,Snowy Parts of Scandinavia,Kinski,Rock,"Album art evoking dim, low-lit tones, a hushed, delicate presence, an open, uplifted mood, a steady, walking pace, hints of psychedelic rock, hints of progressive rock. Abstract, textural album art. No faces, no text, no literal band-photo imagery."
189,SELF EXPLORER,North Cape Lights,Rock,"Album art evoking an even, neutral palette, bold, saturated energy, a wistful, introspective mood, a steady, walking pace, hints of angry music. Abstract, textural album art. No faces, no text, no literal band-photo imagery."
190,Zombie Spy,The Vivisectors,Rock,"Album art evoking balanced, natural tones, forceful and dense, a wistful, introspective mood, measured, even movement, hints of psychedelic rock, the grain of a real guitar. Abstract, textural album art. No faces, no text, no literal band-photo imagery."
191,crucial,springtide,Rock,"Album art evoking neither bright nor dark, a steady, grounded intensity, a warm, major-key brightness, measured, even movement, hints of grunge, hints of independent music. Abstract, textural album art. No faces, no text, no literal band-photo imagery."
192,Thanks A Million,Let Me Crazy,Rock,"Album art evoking an even, neutral palette, a hushed, delicate presence, an open, uplifted mood, measured, even movement, hints of heavy metal, hints of rock music. Abstract, textural album art. No faces, no text, no literal band-photo imagery."
193,Plumy Tale,Dumbo Gets Mad,Rock,"Album art evoking neither bright nor dark, measured and even in force, a somber, minor-key undertone, drifting, spacious motion, hints of grunge, hints of rock music. Abstract, textural album art. No faces, no text, no literal band-photo imagery."
194,Delusion 6,pHoaming Edison,Rock,"Album art evoking shrouded in shadow, a steady, grounded intensity, a warm, major-key brightness, measured, even movement, hints of psychedelic rock, hints of progressive rock. Abstract, textural album art. No faces, no text, no literal band-photo imagery."
195,Come On Down,Waylon Thornton,Rock,"Album art evoking neither bright nor dark, a powerful, driving intensity, an open, uplifted mood, languid, floating movement, hints of singing, hints of choir. Abstract, textural album art. No faces, no text, no literal band-photo imagery."
196,Moon Pearls,Mário Gajarský,Rock,"Album art evoking shrouded in shadow, a steady, grounded intensity, a wistful, introspective mood, measured, even movement, hints of inside, small room, the grain of a real guitar. Abstract, textural album art. No faces, no text, no literal band-photo imagery."
197,Exodus Journey,Starseed,Rock,"Album art evoking radiant and luminous, a steady, grounded intensity, a somber, minor-key undertone, a steady, walking pace, hints of heavy metal, hints of punk rock. Abstract, textural album art. No faces, no text, no literal band-photo imagery."
198,Digital Stimulation,The Units,Rock,"Album art evoking radiant and luminous, measured and even in force, a somber, minor-key undertone, languid, floating movement, kit-driven percussion, the pulse of real drums. Abstract, textural album art. No faces, no text, no literal band-photo imagery."
199,Il Re del Surf,I Re della Spiaggia,Rock,"Album art evoking a bright, sunlit palette, bold, saturated energy, a wistful, introspective mood, drifting, spacious motion, hints of rock and roll, hints of rock music. Abstract, textural album art. No faces, no text, no literal band-photo imagery."
200,Firecracker,Half Japanese,Rock,"Album art evoking balanced, natural tones, quiet and restrained, a shadowed emotional cast, a steady, walking pace, hints of swing music, hints of orchestra. Abstract, textural album art. No faces, no text, no literal band-photo imagery."
201,Terminally in Love With You,Shy Kids,Pop,"Album art evoking balanced, natural tones, measured and even in force, a warm, major-key brightness, a steady, walking pace, hints of singing, hints of choir. Abstract, textural album art. No faces, no text, no literal band-photo imagery."
202,Ave,PC-ONE,Experimental,"Album art evoking an even, neutral palette, soft-edged and understated, a warm, major-key brightness, drifting, spacious motion, the grain of a real guitar, plucked string detail. Abstract, textural album art. No faces, no text, no literal band-photo imagery."
203,Elektra (You Were Such Fun),Red Crickets,Pop,"Album art evoking balanced, natural tones, a steady, grounded intensity, a warm, major-key brightness, languid, floating movement, hints of independent music, hints of singing. Abstract, textural album art. No faces, no text, no literal band-photo imagery."
204,Mr. Person,The Mystery Artist,Rock,"Album art evoking an even, neutral palette, a steady, grounded intensity, a shadowed emotional cast, a slow, unhurried pace, hints of psychedelic rock, hints of independent music. Abstract, textural album art. No faces, no text, no literal band-photo imagery."
205,Ordinary Girl,The Pink Tiles,Rock,"Album art evoking an even, neutral palette, measured and even in force, an optimistic emotional cast, a steady, walking pace, hints of singing, hints of grunge. Abstract, textural album art. No faces, no text, no literal band-photo imagery."
206,Plasma,Redmann,Electronic,"Album art evoking shrouded in shadow, a steady, grounded intensity, a warm, major-key brightness, a steady, walking pace, hints of trance music, electronic, machine-made texture. Abstract, textural album art. No faces, no text, no literal band-photo imagery."
207,Mad Honey,DubRaJah,International,"Album art evoking dim, low-lit tones, soft-edged and understated, a somber, minor-key undertone, a steady, walking pace, synthetic production, hints of throbbing. Abstract, textural album art. No faces, no text, no literal band-photo imagery."
208,A Friendly Noose,Big Blood,Folk,"Album art evoking a dark, brooding palette, soft-edged and understated, an open, uplifted mood, a steady, walking pace, hints of singing, hints of siren. Abstract, textural album art. No faces, no text, no literal band-photo imagery."
209,300 Days In July,Pete Galub,Pop,"Album art evoking shrouded in shadow, a steady, grounded intensity, an optimistic emotional cast, measured, even movement, a sliding, metallic string whine, hints of singing. Abstract, textural album art. No faces, no text, no literal band-photo imagery."
210,something brewing,Coin Locker Kid,Hip-Hop,"Album art evoking muted and murky hues, a steady, grounded intensity, a shadowed emotional cast, measured, even movement, a resonant metallic strike, percussive textures. Abstract, textural album art. No faces, no text, no literal band-photo imagery."
211,Unless,Nisi Period,Rock,"Album art evoking a dark, brooding palette, a steady, grounded intensity, a somber, minor-key undertone, drifting, spacious motion, diffuse, atmospheric texture, electronic, machine-made texture. Abstract, textural album art. No faces, no text, no literal band-photo imagery."
212,Lovedropper,Boy Friend,Rock,"Album art evoking an even, neutral palette, a steady, grounded intensity, an optimistic emotional cast, a steady, walking pace, hints of christian music, hints of singing. Abstract, textural album art. No faces, no text, no literal band-photo imagery."
213,western chow yun-fat,This One,Hip-Hop,"Album art evoking dim, low-lit tones, measured and even in force, a somber, minor-key undertone, drifting, spacious motion, hints of funk, hints of blues. Abstract, textural album art. No faces, no text, no literal band-photo imagery."
214,"It's Okay, Roseanne",The Parish of Little Clifton,Pop,"Album art evoking neither bright nor dark, measured and even in force, a warm, major-key brightness, measured, even movement, synthetic production, hints of techno. Abstract, textural album art. No faces, no text, no literal band-photo imagery."
215,Sillable,UncleBibby,Electronic,"Album art evoking balanced, natural tones, soft-edged and understated, a wistful, introspective mood, a steady, walking pace, synthetic production, hints of house music. Abstract, textural album art. No faces, no text, no literal band-photo imagery."
216,The Drop (Gung Who Version),Tickle,Hip-Hop,"Album art evoking balanced, natural tones, soft-edged and understated, an open, uplifted mood, languid, floating movement, a rapped vocal drive, beat-driven, rhythmic drive. Abstract, textural album art. No faces, no text, no literal band-photo imagery."
217,The Beast Is A Computer In Luxemburg,Fierbinteanu,Pop,"Album art evoking an even, neutral palette, quiet and restrained, an open, uplifted mood, measured, even movement, hints of soul music, hints of rhythm and blues. Abstract, textural album art. No faces, no text, no literal band-photo imagery."
218,Inspiration,Abunai!,Rock,"Album art evoking an even, neutral palette, quiet and restrained, an open, uplifted mood, measured, even movement, kit-driven percussion, hints of rock music. Abstract, textural album art. No faces, no text, no literal band-photo imagery."
219,All I Am,Pete Galub,Pop,"Album art evoking neither bright nor dark, measured and even in force, an optimistic emotional cast, a steady, walking pace, string-driven texture, plucked string detail. Abstract, textural album art. No faces, no text, no literal band-photo imagery."
220,Sam's Song,NaDa BaBa,Folk,"Album art evoking neither bright nor dark, a steady, grounded intensity, a shadowed emotional cast, a slow, unhurried pace, hints of didgeridoo. Abstract, textural album art. No faces, no text, no literal band-photo imagery."
221,Spot Rockers,Cassette Tape Bandits,Hip-Hop,"Album art evoking balanced, natural tones, measured and even in force, a somber, minor-key undertone, measured, even movement, a rapped vocal drive, a hip-hop groove. Abstract, textural album art. No faces, no text, no literal band-photo imagery."
222,Squinting at the Sun (radio edit),Lee Rosevere,Electronic,"Album art evoking shrouded in shadow, quiet and restrained, a warm, major-key brightness, measured, even movement, a wide, ambient wash, soft, atmospheric layers. Abstract, textural album art. No faces, no text, no literal band-photo imagery."
223,Do Easy,Tasseomancy,Pop,"Album art evoking a dark, brooding palette, a hushed, delicate presence, a warm, major-key brightness, a slow, unhurried pace, gentle ambient washing, hints of lullaby. Abstract, textural album art. No faces, no text, no literal band-photo imagery."
224,Cage (bonus),Pilesar,Pop,"Album art evoking balanced, natural tones, a steady, grounded intensity, a warm, major-key brightness, a slow, unhurried pace, electronic, machine-made texture. Abstract, textural album art. No faces, no text, no literal band-photo imagery."
225,In The Fall,Future Islands,Electronic,"Album art evoking neither bright nor dark, quiet and restrained, an open, uplifted mood, languid, floating movement, hints of independent music, hints of singing. Abstract, textural album art. No faces, no text, no literal band-photo imagery."
226,Ivory,Moon Veil,Electronic,"Album art evoking muted and murky hues, quiet and restrained, a shadowed emotional cast, languid, floating movement, a breathy brass wail, bright, blaring brass. Abstract, textural album art. No faces, no text, no literal band-photo imagery."
227,To Drive the Cold Winter Away,Julianne Marx and Craig Olson,Experimental,"Album art evoking an even, neutral palette, soft-edged and understated, a wistful, introspective mood, a steady, walking pace, kit-driven percussion, percussive textures. Abstract, textural album art. No faces, no text, no literal band-photo imagery."
228,Cien Volando,Josh Woodward,Folk,"Album art evoking dim, low-lit tones, a steady, grounded intensity, an open, uplifted mood, measured, even movement, string-driven texture, plucked string detail. Abstract, textural album art. No faces, no text, no literal band-photo imagery."
229,Not the 1s (prod. by Mexicans with Guns),Not The 1s,Hip-Hop,"Album art evoking neither bright nor dark, forceful and dense, a somber, minor-key undertone, measured, even movement, a rapped vocal drive, a hip-hop groove. Abstract, textural album art. No faces, no text, no literal band-photo imagery."
230,Bridgewater Triangle,happiness in aeroplanes,Instrumental,"Album art evoking dim, low-lit tones, measured and even in force, an optimistic emotional cast, a steady, walking pace, diffuse, atmospheric texture, a resonant metallic strike. Abstract, textural album art. No faces, no text, no literal band-photo imagery."
231,Softer Place To Fall,Mark Fosson,Folk,"Album art evoking shrouded in shadow, forceful and dense, a warm, major-key brightness, measured, even movement, the grain of a real guitar, warm, wooden acoustic tone. Abstract, textural album art. No faces, no text, no literal band-photo imagery."
232,"5am, Wabi Sabi",Project 5am,Electronic,"Album art evoking a bright, sunlit palette, quiet and restrained, a somber, minor-key undertone, a slow, unhurried pace, percussive textures, kit-driven percussion. Abstract, textural album art. No faces, no text, no literal band-photo imagery."
233,Freak of Nature (Time Out Dubb),C-Doc,Hip-Hop,"Album art evoking neither bright nor dark, a steady, grounded intensity, an optimistic emotional cast, a slow, unhurried pace, beat-driven, rhythmic drive, rhythmic, spoken cadence. Abstract, textural album art. No faces, no text, no literal band-photo imagery."
